上位のクエリ,2026/07/04 - 2026/07/11 クリック数,2026/06/06 - 2026/07/04 クリック数,2026/07/04 - 2026/07/11 表示回数,2026/06/06 - 2026/07/04 表示回数,2026/07/04 - 2026/07/11 CTR,2026/06/06 - 2026/07/04 CTR,2026/07/04 - 2026/07/11 掲載順位,2026/06/06 - 2026/07/04 掲載順位
浜名湖 釣り禁止,7,21,23,88,30.43%,23.86%,1.91,1.97
浜名湖釣り 車 横付け,6,5,28,96,21.43%,5.21%,2.5,5.66
浜名湖 漁業権,5,9,21,46,23.81%,19.57%,2.95,3.87
浜名湖タコ釣り 2026,4,0,11,0,36.36%,0%,6.09,0
浜名 湖 タコ 釣り 2026,3,21,34,132,8.82%,15.91%,6.35,5.45
新居海釣り公園 サビキ ポイント,3,0,9,1,33.33%,0%,10.33,10
浜名湖 釣り禁止エリア,3,5,7,14,42.86%,35.71%,1.86,1.57
今切口 舞阪堤,2,0,44,0,4.55%,0%,4.82,0
舞阪漁港 釣り禁止,2,6,11,41,18.18%,14.63%,4.09,3.66
浜名湖釣り禁止エリア,2,7,5,18,40%,38.89%,2.2,1.94
渚園 釣り ポイント,2,0,5,3,40%,0%,6.2,10.33
浜名湖今 切口 釣り禁止,1,1,23,62,4.35%,1.61%,8.61,7.55
浜名湖網干場,1,1,15,17,6.67%,5.88%,9.07,8.82
女河浦海水浴場,1,0,10,0,10%,0%,9.2,0
浜名湖アジング 集魚灯,1,1,8,24,12.5%,4.17%,6.62,7.12
弁天島 釣り禁止,1,0,6,0,16.67%,0%,4.83,0
浜名湖 タコ釣り 2026,1,2,6,8,16.67%,25%,6,3.5
渚園 釣り,1,0,5,0,20%,0%,4.2,0
浜名湖 穴釣り,1,1,5,9,20%,11.11%,5.6,6.67
浜名湖 漁業権 タコ,1,1,3,9,33.33%,11.11%,6.67,8.56
浜名湖 タコ,1,1,3,3,33.33%,33.33%,12.67,20
チヌトップ おすすめルアー,1,0,3,0,33.33%,0%,18,0
浜名湖 アジング,1,0,2,1,50%,0%,27,18
ポコちゃん海岸,1,0,1,0,100%,0%,4,0
浜名湖 車海老 違法,1,0,1,2,100%,0%,11,11.5
新居海釣り公園 ライブカメラ,0,0,31,31,0%,0%,9.52,9.45
網干場,0,1,25,32,0%,3.12%,10.2,10.31
浜名湖 中之島,0,1,22,32,0%,3.12%,8.64,7.62
弁天島海浜公園 釣り 禁止,0,2,17,52,0%,3.85%,8.65,6.87
浜名湖 網干場,0,0,16,19,0%,0%,9.44,10.53
浜名湖 集魚灯,0,0,13,28,0%,0%,6.54,7.11
今切口 釣り禁止,0,4,13,34,0%,11.76%,8.23,6.18
浜名湖アジング 常夜灯,0,3,8,29,0%,10.34%,4.62,8.55
浜名湖ポイント,0,0,8,55,0%,0%,6.12,7.67
集魚灯 浜名湖,0,5,7,48,0%,10.42%,6.29,5.83
舞阪漁港 釣り,0,1,7,8,0%,12.5%,9.86,11.88
浜名湖アジングポイント,0,0,7,0,0%,0%,12.71,0
表浜名湖 ポイント,0,0,6,9,0%,0%,9.17,8.67
浜名湖 エギング,0,0,6,7,0%,0%,9.5,9.86
女河浦,0,0,5,0,0%,0%,5.4,0
新居海釣り公園 青物 ポイント,0,0,5,0,0%,0%,7.8,0
中之島 浜名湖,0,3,5,15,0%,20%,8,7.87
都田川 うなぎ釣り,0,0,5,0,0%,0%,9.4,0
浜名湖タコ釣りポイント,0,0,5,4,0%,0%,10.2,10.5
網干場 釣り,0,0,5,4,0%,0%,11,10.75
浜名湖 タコ釣り,0,0,5,3,0%,0%,20.8,22
浜名湖 渚園 釣り,0,0,4,0,0%,0%,6.5,0
浜名湖 アジング 集魚灯,0,0,4,2,0%,0%,6.75,4
浜名湖 うなぎ釣り,0,0,4,1,0%,0%,10,32
浜名湖 うなぎ釣り ポイント,0,0,4,2,0%,0%,10.5,29.5
浜名湖 マゴチ,0,0,4,0,0%,0%,12.25,0
浜名湖 釣り ポイント,0,0,4,6,0%,0%,15,9.67
浜名湖 タコ釣り ポイント,0,1,3,7,0%,14.29%,6,12.86
浜名湖 潮 釣り,0,0,3,3,0%,0%,9,10
浜名湖タコ釣り 時期,0,0,3,11,0%,0%,9.33,10.45
浜名湖 アオリイカ ポイント,0,0,3,1,0%,0%,10,11
浜名湖 海釣り公園 ライブカメラ,0,0,3,2,0%,0%,10.33,9.5
浜名湖 ハゼ釣り 時期,0,0,3,0,0%,0%,11,0
車を横付けできる 釣り場,0,0,3,0,0%,0%,11,0
浜名湖 アジ 時期,0,0,3,1,0%,0%,16.67,11
浜名湖 釣りポイント,0,0,3,0,0%,0%,27.33,0
釣り 浜名湖,0,0,3,17,0%,0%,39,38
舞阪,0,0,2,0,0%,0%,2,0
浜名湖 釣り 車 横付け,0,0,2,4,0%,0%,4,6.5
浜名湖 釣り場 マップ,0,0,2,0,0%,0%,6,0
舞阪 サーフ 釣り禁止,0,1,2,13,0%,7.69%,9,6
浜名湖 水深マップ,0,0,2,14,0%,0%,9.5,9.36
浜名湖 アジング ポイント,0,0,2,2,0%,0%,10,10
浜名湖 網干場 釣果,0,0,2,7,0%,0%,10.5,11.29
網干場 アジング,0,0,2,3,0%,0%,10.5,6.67
新居 弁天 海釣公園 ライブカメラ,0,0,2,2,0%,0%,11,11
舞阪港 釣り,0,0,2,7,0%,0%,11,11.86
新居海釣り公園 アジング,0,0,2,0,0%,0%,12,0
舞阪漁港 釣果,0,0,2,0,0%,0%,12,0
表鷲津湖岸公園 釣り,0,1,2,4,0%,25%,28.5,32.25
浜名湖レンタルボート,0,0,2,0,0%,0%,29.5,0
浜名湖 釣果,0,0,2,6,0%,0%,38,28.17
新居 弁天 海 釣 公園,0,0,2,0,0%,0%,55.5,0
浜名湖 釣りスポット,0,0,1,3,0%,0%,1,21.33
浜松,0,0,1,1,0%,0%,1,1
奥浜名湖,0,0,1,0,0%,0%,2,0
弁天流し釣り,0,2,1,27,0%,7.41%,2,6.37
浜名 湖 釣り 禁止 エリア,0,0,1,2,0%,0%,2,1
いまは？,0,0,1,0,0%,0%,3,0
子供連れ,0,0,1,0,0%,0%,4,0
浜名湖 うなぎ観音 釣り,0,0,1,11,0%,0%,5,7.09
浜名湖 ポイント,0,0,1,20,0%,0%,5,8.65
1人,0,0,1,0,0%,0%,6,0
昨日,0,0,1,0,0%,0%,6,0
乙女園 釣り,0,0,1,1,0%,0%,8,8
浜松 うなぎ釣り ポイント,0,0,1,0,0%,0%,8,0
今 切口 釣り禁止,0,0,1,21,0%,0%,9,7.48
何が釣れるの？,0,0,1,0,0%,0%,9,0
浜名湖 うなぎ 釣り,0,0,1,0,0%,0%,9,0
表浜名湖 釣り ポイント,0,0,1,13,0%,0%,9,9.54
7月 サビキ釣り,0,0,1,3,0%,0%,10,8
浜名湖 砂揚げ場 釣り,0,0,1,0,0%,0%,10,0
浜名湖タコ,0,0,1,1,0%,0%,10,10
ボートレース浜名湖ポイント,0,0,1,0,0%,0%,11,0
マゴチ 浅瀬,0,0,1,0,0%,0%,11,0
浜名湖 アジング ジグヘッド,0,0,1,1,0%,0%,11,11
浜名湖 サビキ釣り,0,0,1,0,0%,0%,11,0
浜名湖レンタルボート免許不要,0,0,1,1,0%,0%,11,10
稚鮎 浜名湖,0,0,1,2,0%,0%,11,10.5
庄内湖,0,0,1,0,0%,0%,12,0
新居海釣り公園 常夜灯,0,0,1,1,0%,0%,12,6
浜名湖 砂揚げ場,0,0,1,0,0%,0%,12,0
浜名湖 カヤック 禁止,0,0,1,0,0%,0%,13,0
浜名湖 カヤック,0,0,1,0,0%,0%,15,0
浜名湖アオリイカ,0,0,1,0,0%,0%,15,0
遠州灘 キス釣り 時期,0,0,1,1,0%,0%,16,23
乙女園公園 釣り,0,0,1,2,0%,0%,17,13.5
浜名湖 クロダイ 食べる,0,0,1,0,0%,0%,17,0
静岡 釣り場 車 横付け,0,0,1,0,0%,0%,17,0
マゴチ ワインド,0,0,1,1,0%,0%,18,43
近くの 釣り場 車 横付け,0,0,1,0,0%,0%,18,0
浜名湖 タコ 釣果,0,0,1,0,0%,0%,19,0
浜名湖クロダイ 仕掛け,0,0,1,1,0%,0%,19,12
新居海釣り公園 タコ釣り,0,0,1,1,0%,0%,20,20
アオリイカの食べ方,0,0,1,0,0%,0%,22,0
浜名湖アジ,0,0,1,0,0%,0%,22,0
浜名湖 チヌトップ,0,0,1,0,0%,0%,24,0
伊豆 釣り 車 横付け,0,0,1,0,0%,0%,27,0
浜名湖釣り ポイント,0,0,1,0,0%,0%,27,0
amazon 釣具 セール,0,0,1,0,0%,0%,28,0
浜名湖 釣れる魚,0,0,1,1,0%,0%,28,4
浜名湖釣りポイント,0,0,1,2,0%,0%,28,9.5
車 横付け 釣り 静岡,0,0,1,0,0%,0%,28,0
浜名湖 レンタルボート,0,0,1,3,0%,0%,29,31
浜名湖釣れる魚,0,0,1,1,0%,0%,29,27
ナイト チニング,0,0,1,0,0%,0%,30,0
浜名 湖 釣り ポイント,0,0,1,7,0%,0%,31,29.86
浜名湖 夜釣り,0,0,1,1,0%,0%,32,38
アジフライ 揚げ方,0,0,1,0,0%,0%,33,0
猪鼻湖 釣り,0,0,1,3,0%,0%,34,23.33
浜名 湖 釣り 情報,0,0,1,0,0%,0%,35,0
浜名湖 釣り,0,0,1,11,0%,0%,35,32.27
アジフライ 揚げ時間,0,0,1,1,0%,0%,36,49
浜名湖アジングタックル,0,0,1,1,0%,0%,36,36
マゴチ ボトムワインド,0,0,1,0,0%,0%,39,0
浜名湖 ボート レンタル,0,0,1,0,0%,0%,39,0
浜名湖 海釣り公園,0,0,1,0,0%,0%,39,0
浜名湖 チニング,0,0,1,0,0%,0%,45,0
弁天島海浜公園 キス釣り,0,0,1,1,0%,0%,52,52
浜名湖 ウェーディング ポイント,0,4,0,5,0%,80%,0,1.4
浜名湖 中之島 シーバス,0,3,0,8,0%,37.5%,0,6.5
村櫛 漁港 釣り禁止,0,2,0,11,0%,18.18%,0,6.64
浜名湖 マゴチ ポイント,0,2,0,2,0%,100%,0,18
浜名湖シーバスポイント,0,1,0,7,0%,14.29%,0,10.86
浜名 湖 タコ 釣り ポイント,0,1,0,5,0%,20%,0,21.6
浜名湖 サヨリ 時期,0,1,0,3,0%,33.33%,0,8.67
浜名湖 集魚灯 禁止,0,1,0,3,0%,33.33%,0,16.33
弁天ジャムシ,0,1,0,2,0%,50%,0,2
弁天島 キス釣り,0,1,0,2,0%,50%,0,6
うなぎ観音 釣り禁止,0,1,0,2,0%,50%,0,7.5
浜名湖タコ釣り,0,1,0,2,0%,50%,0,26.5
これはどこ？,0,1,0,1,0%,100%,0,1
遠州灘 キス釣りポイント,0,1,0,1,0%,100%,0,13
新居弁天海釣公園 読み方,0,1,0,1,0%,100%,0,15
遠州灘 キス釣り,0,1,0,1,0%,100%,0,25
浜名湖稚鮎釣り禁止,0,0,0,10,0%,0%,0,8.4
うなぎ観音 釣り,0,0,0,7,0%,0%,0,7.29
表浜名湖とは,0,0,0,6,0%,0%,0,2.5
浜名湖タコ釣り禁止,0,0,0,6,0%,0%,0,8
メジナ 料理 臭み,0,0,0,6,0%,0%,0,10.33
キビレ レシピ,0,0,0,6,0%,0%,0,10.5
浜名湖 サビキ釣り 時期,0,0,0,5,0%,0%,0,6.8
猪鼻湖 釣り ポイント,0,0,0,5,0%,0%,0,7.4
浜名湖 カサゴ ポイント,0,0,0,5,0%,0%,0,10
浜名湖 キス釣り ポイント,0,0,0,5,0%,0%,0,19.4
浜名湖 タコ 漁業権,0,0,0,4,0%,0%,0,8.25
浜名湖中之島,0,0,0,4,0%,0%,0,8.5
浜名湖 内浦 釣り,0,0,0,4,0%,0%,0,9.5
メジナ 磯臭い,0,0,0,4,0%,0%,0,10
チニングワーム 夜,0,0,0,4,0%,0%,0,11
ヒラメ 薄造り,0,0,0,4,0%,0%,0,29
浜名湖アジング 釣れない,0,0,0,4,0%,0%,0,30
浜松 海釣り,0,0,0,4,0%,0%,0,37.25
マゴチ 料理,0,0,0,4,0%,0%,0,38
浜名湖 6月 釣り,0,0,0,3,0%,0%,0,1
浜名湖 青物 時期,0,0,0,3,0%,0%,0,6
松見ヶ浦 釣り,0,0,0,3,0%,0%,0,7.67
ミオ筋,0,0,0,3,0%,0%,0,8.33
浜名湖 網干場 水深,0,0,0,3,0%,0%,0,9.67
伊左地川,0,0,0,3,0%,0%,0,10
浜名湖 シーバス ポイント,0,0,0,3,0%,0%,0,10.33
浜名湖海釣り公園 ライブカメラ,0,0,0,3,0%,0%,0,11
浜名湖 海 釣り公園 閉鎖,0,0,0,3,0%,0%,0,12
浜名湖ハゼ釣り,0,0,0,3,0%,0%,0,21.67
浜名湖 ハゼ,0,0,0,3,0%,0%,0,25.33
浜名 湖 キス 釣り,0,0,0,3,0%,0%,0,38.67
新居弁天海釣公園 釣果,0,0,0,2,0%,0%,0,7
アジング 浜名湖,0,0,0,2,0%,0%,0,9
浜名湖 大潮,0,0,0,2,0%,0%,0,9.5
浜名湖 稚鮎釣り 禁止,0,0,0,2,0%,0%,0,10.5
松見ヶ浦,0,0,0,2,0%,0%,0,11
キビレ ムニエル,0,0,0,2,0%,0%,0,12
新居弁天海釣公園,0,0,0,2,0%,0%,0,12
浜名湖 アオリイカ,0,0,0,2,0%,0%,0,12
浜名湖アジング,0,0,0,2,0%,0%,0,13.5
浜名湖 今切口 釣り,0,0,0,2,0%,0%,0,15.5
浜名湖 ハゼ釣り ポイント,0,0,0,2,0%,0%,0,19
浜名湖 釣り場,0,0,0,2,0%,0%,0,20
浜名湖釣果,0,0,0,2,0%,0%,0,26.5
カサゴ 煮付け,0,0,0,2,0%,0%,0,27
浜名湖 ハゼ釣り,0,0,0,2,0%,0%,0,27.5
浜名湖釣り情報,0,0,0,2,0%,0%,0,28
浜名 湖 タコ 釣り,0,0,0,2,0%,0%,0,30.5
サヨリ 釣り方,0,0,0,2,0%,0%,0,41
浜名湖釣り,0,0,0,2,0%,0%,0,43
浜松 釣り場,0,0,0,2,0%,0%,0,51.5
千代川 シーバス,0,0,0,2,0%,0%,0,53
都田川,0,0,0,1,0%,0%,0,1
電車で行ける釣り場,0,0,0,1,0%,0%,0,1
６月,0,0,0,1,0%,0%,0,3
はまゆう大橋 夜間,0,0,0,1,0%,0%,0,7
新井弁天海釣り公園,0,0,0,1,0%,0%,0,7
キス 骨 食べる,0,0,0,1,0%,0%,0,8
浜名湖 クロダイ,0,0,0,1,0%,0%,0,8
キビレ 塩焼き,0,0,0,1,0%,0%,0,10
浜名湖 カサゴ,0,0,0,1,0%,0%,0,10
浜名湖 稚鮎釣り,0,0,0,1,0%,0%,0,10
浜名湖アジング ジグヘッド,0,0,0,1,0%,0%,0,10
浜名湖稚鮎釣り,0,0,0,1,0%,0%,0,10
メバル カサゴ 煮付け,0,0,0,1,0%,0%,0,11
大橋屋 つり具 センター 営業 時間,0,0,0,1,0%,0%,0,11
浜名湖 イカ釣り,0,0,0,1,0%,0%,0,11
月齢と潮の関係,0,0,0,1,0%,0%,0,12
浜名湖 釣り 6月,0,0,0,1,0%,0%,0,12
都田川 釣り 時期,0,0,0,1,0%,0%,0,12
網干場 釣果,0,0,0,1,0%,0%,0,14
ヒラメの薄造り,0,0,0,1,0%,0%,0,16
マゴチ ワインド ワーム,0,0,0,1,0%,0%,0,16
アジフライ 下味,0,0,0,1,0%,0%,0,18
浜名湖 釣り レンタル,0,0,0,1,0%,0%,0,18
キスの天ぷら,0,0,0,1,0%,0%,0,20
マゴチ ヒラメ 味,0,0,0,1,0%,0%,0,20
メジナ レシピ 洋風,0,0,0,1,0%,0%,0,21
カレイの煮付け 黄金比,0,0,0,1,0%,0%,0,23
奥浜名湖 釣り,0,0,0,1,0%,0%,0,25
遠州灘キス釣り,0,0,0,1,0%,0%,0,28
浜名湖釣りスポット,0,0,0,1,0%,0%,0,29
浜名湖 ギマ ポイント,0,0,0,1,0%,0%,0,33
ナイトチニング,0,0,0,1,0%,0%,0,34
浜名 湖 チニング ポイント,0,0,0,1,0%,0%,0,34
カレイ煮付け 黄金比,0,0,0,1,0%,0%,0,36
浜名 湖 釣れる 魚,0,0,0,1,0%,0%,0,36
浜松 釣り,0,0,0,1,0%,0%,0,36
佐鳴湖 釣り禁止,0,0,0,1,0%,0%,0,38
アジフライ揚げ方,0,0,0,1,0%,0%,0,39
アジフライ温度,0,0,0,1,0%,0%,0,39
冷凍 アジフライ 揚げ方,0,0,0,1,0%,0%,0,39
冷凍アジフライ 揚げ方,0,0,0,1,0%,0%,0,39
カレイの煮付け 黄金比 プロ,0,0,0,1,0%,0%,0,40
浜名湖チニング 陸 っ ぱり,0,0,0,1,0%,0%,0,40
カレイの煮付け レシピ 人気 黄金比,0,0,0,1,0%,0%,0,47
アジフライ 下ごしらえ,0,0,0,1,0%,0%,0,48
津名港 釣り禁止,0,0,0,1,0%,0%,0,48
片 名 漁港 釣り 禁止,0,0,0,1,0%,0%,0,49
コチ レシピ 人気,0,0,0,1,0%,0%,0,50
サヨリ仕掛け,0,0,0,1,0%,0%,0,50
アジフライ 時間,0,0,0,1,0%,0%,0,51
タコ ポイント,0,0,0,1,0%,0%,0,56
黒鯛食べ方,0,0,0,1,0%,0%,0,58
シャコ 唐 揚げ,0,0,0,1,0%,0%,0,65
黒鯛 白子,0,0,0,1,0%,0%,0,65
新居海釣り公園,0,0,0,1,0%,0%,0,74