上位のページ,2026/07/04 - 2026/07/11 クリック数,2026/06/06 - 2026/07/04 クリック数,2026/07/04 - 2026/07/11 表示回数,2026/06/06 - 2026/07/04 表示回数,2026/07/04 - 2026/07/11 CTR,2026/06/06 - 2026/07/04 CTR,2026/07/04 - 2026/07/11 掲載順位,2026/06/06 - 2026/07/04 掲載順位
https://cho-hamanako.info/blog/guide/beginner/hamanako-fishing-rules-and-manners/,44,123,320,1370,13.75%,8.98%,5.85,6.56
https://cho-hamanako.info/blog/7-month/,18,21,186,293,9.68%,7.17%,6.53,6.35
https://cho-hamanako.info/map/,18,27,153,503,11.76%,5.37%,9.69,8.93
https://cho-hamanako.info/points/araibenten-umiduripark/,13,15,206,221,6.31%,6.79%,9.38,9.22
https://cho-hamanako.info/points/tako-fukabori/,11,3,71,44,15.49%,6.82%,9.96,8.89
https://cho-hamanako.info/blog/hamanako-kayak-fishing/,11,21,32,64,34.38%,32.81%,5.69,5.86
https://cho-hamanako.info/blog/june-tako-opening/,10,49,106,359,9.43%,13.65%,7.34,7.51
https://cho-hamanako.info/points/wading-points/,10,32,30,121,33.33%,26.45%,5.37,5.48
https://cho-hamanako.info/points/family-car-points/,9,4,99,116,9.09%,3.45%,8.41,7.75
https://cho-hamanako.info/points/amihosiba/,7,8,219,337,3.2%,2.37%,9.3,9.58
https://cho-hamanako.info/blog/night-chining/,7,5,48,83,14.58%,6.02%,10.44,10.57
https://cho-hamanako.info/points/imagiremaisakatei/,6,5,92,24,6.52%,20.83%,5.93,6.12
https://cho-hamanako.info/points/drive-fishing-spots/,6,14,73,284,8.22%,4.93%,8.52,8.44
https://cho-hamanako.info/blog/chinutop-july/,6,18,37,71,16.22%,25.35%,7.11,7.59
https://cho-hamanako.info/points/nagisaen/,5,0,40,4,12.5%,0%,5.72,4.5
https://cho-hamanako.info/blog/yearly-fishing-calendar/,4,14,67,323,5.97%,4.33%,11.46,8.34
https://cho-hamanako.info/blog/tako-points/,4,8,31,46,12.9%,17.39%,9.39,11.5
https://cho-hamanako.info/blog/rental-boat-guide/,4,2,18,24,22.22%,8.33%,6.61,7.29
https://cho-hamanako.info/blog/bait-vending-machines/,4,7,12,22,33.33%,31.82%,3.08,6.82
https://cho-hamanako.info/blog/guide/theory/night-fishing-light/,3,16,65,305,4.62%,5.25%,6.92,7.51
https://cho-hamanako.info/points/ajing-fukabori/,3,15,61,126,4.92%,11.9%,11.7,8.65
https://cho-hamanako.info/blog/kurodai/,3,4,56,43,5.36%,9.3%,8.61,9.16
https://cho-hamanako.info/blog/travel/hamanako-unagi-fishing-trip/,3,0,37,0,8.11%,0%,9.57,0
https://cho-hamanako.info/blog/guide/beginner/hamanako-sabiki-best-season/,3,2,30,65,10%,3.08%,9.97,8.66
https://cho-hamanako.info/blog/benten-nagashi-fishing/,3,14,29,124,10.34%,11.29%,7.72,8.38
https://cho-hamanako.info/blog/shops/,3,3,25,73,12%,4.11%,7.36,7.29
https://cho-hamanako.info/points/sakujyoseki/,3,3,16,66,18.75%,4.55%,7.56,7.15
https://cho-hamanako.info/blog/kisu-points/,3,7,15,84,20%,8.33%,8.2,11.99
https://cho-hamanako.info/points/mejina-fukabori/,3,3,13,75,23.08%,4%,9.15,9.35
https://cho-hamanako.info/points/nakanoshima/,2,13,86,153,2.33%,8.5%,7.92,7.65
https://cho-hamanako.info/points/megaura/,2,1,38,1,5.26%,100%,7.18,2
https://cho-hamanako.info/affiliates/,2,0,28,18,7.14%,0%,10.68,10.56
https://cho-hamanako.info/blog/flatfish/,2,2,25,17,8%,11.76%,7.68,5.65
https://cho-hamanako.info/points/eging-fukabori/,2,2,23,51,8.7%,3.92%,9.78,9.94
https://cho-hamanako.info/blog/guide/method/hamanako-boat-fishing/,2,2,20,25,10%,8%,17.55,21.56
https://cho-hamanako.info/blog/mebaru-kasago-beginner/,2,4,18,57,11.11%,7.02%,7.94,8.84
https://cho-hamanako.info/points/sunaageba/,2,0,17,20,11.76%,0%,9.29,8.75
https://cho-hamanako.info/blog/guide/method/,2,2,14,23,14.29%,8.7%,11.29,10.65
https://cho-hamanako.info/blog/guide/method/cho-nage-fishing/,2,5,8,35,25%,14.29%,6.12,11.74
https://cho-hamanako.info/blog/guide/method/fukase-fishing/,2,1,6,42,33.33%,2.38%,7.33,9.48
https://cho-hamanako.info/blog/guide/beginner/hamanako-rainy-day-fishing/,2,9,4,61,50%,14.75%,6.5,4.98
https://cho-hamanako.info/blog/amazon-sale-tackle-strategy/,1,0,35,9,2.86%,0%,7.6,6.22
https://cho-hamanako.info/points/kangetsuen/,1,4,15,31,6.67%,12.9%,12.73,7.68
https://cho-hamanako.info/blog/seabass-points/,1,2,13,43,7.69%,4.65%,10.46,13.23
https://cho-hamanako.info/blog/travel/hamanako-camp-fishing/,1,0,9,0,11.11%,0%,8.56,0
https://cho-hamanako.info/points/murakushi-kaisuiyoku/,1,1,8,26,12.5%,3.85%,7.25,7.5
https://cho-hamanako.info/points/,1,0,8,16,12.5%,0%,9.88,6.88
https://cho-hamanako.info/points/seabass-season-fukabori/,1,0,8,16,12.5%,0%,15.38,14.56
https://cho-hamanako.info/blog/may-fishing/,1,4,7,21,14.29%,19.05%,17.71,11.38
https://cho-hamanako.info/blog/cooking/aji-furai-recipe/,1,1,7,12,14.29%,8.33%,21.57,37.5
https://cho-hamanako.info/blog/mebaru-kasago/,1,0,6,6,16.67%,0%,5.67,9.17
https://cho-hamanako.info/blog/8-month/,1,2,6,29,16.67%,6.9%,5.83,6.55
https://cho-hamanako.info/blog/4-month/,1,2,6,32,16.67%,6.25%,14.5,8.91
https://cho-hamanako.info/blog/parking-toilet-guide/,1,2,5,8,20%,25%,6.2,8.62
https://cho-hamanako.info/points/utiyama-kaigan/,1,0,3,6,33.33%,0%,4.33,6.67
https://cho-hamanako.info/blog/chinutop-lures/,1,3,3,18,33.33%,16.67%,6.33,6.83
https://cho-hamanako.info/blog/seabass/,1,0,3,7,33.33%,0%,11.33,5.57
https://cho-hamanako.info/points/murakushi-kaisuiyoku,1,0,2,4,50%,0%,4.5,6
https://cho-hamanako.info/blog/hamanako-complete-tackle-guide/,1,0,2,0,50%,0%,6.5,0
https://cho-hamanako.info/points/tsuzusaki/,1,0,2,7,50%,0%,6.5,9.86
https://cho-hamanako.info/blog/guide/theory/baitfish-tracking/,1,0,2,8,50%,0%,7,6.88
https://cho-hamanako.info/blog/guide/theory/seasonal-patterns-guide/,1,0,2,3,50%,0%,8,6.67
https://cho-hamanako.info/blog/flatfish-points/,1,4,1,8,100%,50%,1,4.5
https://cho-hamanako.info/points/higata-sitefishing/,1,0,1,1,100%,0%,4,9
https://cho-hamanako.info/points/magochi-fukabori/,1,0,1,4,100%,0%,15,7.5
https://cho-hamanako.info/,0,5,37,148,0%,3.38%,26.38,18.71
https://cho-hamanako.info/points/haze-fukabori/,0,2,34,100,0%,2%,8.65,13.57
https://cho-hamanako.info/points/boatrace-hamanako/,0,0,18,10,0%,0%,10.17,8.3
https://cho-hamanako.info/blog/magochi-bottom-wind/,0,2,18,35,0%,5.71%,15.22,14.91
https://cho-hamanako.info/blog/target/,0,0,14,4,0%,0%,24.43,37.75
https://cho-hamanako.info/blog/hazekura-intro/,0,4,12,20,0%,20%,8.33,7.8
https://cho-hamanako.info/blog/sabiki-set-comparison/,0,1,12,16,0%,6.25%,9.42,8.75
https://cho-hamanako.info/blog/cooking/kurodai-shioyaki-recipe/,0,0,9,14,0%,0%,8.33,16.14
https://cho-hamanako.info/blog/guide/method/night-float-fishing/,0,0,9,1,0%,0%,9.11,11
https://cho-hamanako.info/blog/tako-tactics/,0,0,8,12,0%,0%,7.88,8.42
https://cho-hamanako.info/blog/hamanako-train-fishing-spots/,0,3,8,13,0%,23.08%,10.38,4.77
https://cho-hamanako.info/points/miyakodagawa/,0,1,6,47,0%,2.13%,6.83,8.64
https://cho-hamanako.info/blog/guide/theory/hamanako-weather-vs-hamamatsu/,0,0,6,51,0%,0%,8.33,7.59
https://cho-hamanako.info/points/hiramatsu/,0,0,6,7,0%,0%,9.83,5
https://cho-hamanako.info/points/waji-boat/,0,0,6,7,0%,0%,11.83,13.29
https://cho-hamanako.info/blog/araibenten-live-camera/,0,1,5,4,0%,25%,5.6,5
https://cho-hamanako.info/points/washidukou/,0,0,5,8,0%,0%,7.2,8.25
https://cho-hamanako.info/blog/guide/theory/imagiri-current-logic/,0,2,5,9,0%,22.22%,8.2,4.89
https://cho-hamanako.info/blog/guide/theory/barometric-pressure-fishing/,0,0,5,9,0%,0%,9.4,11
https://cho-hamanako.info/blog/kisu-cooking/,0,0,5,6,0%,0%,12.4,11.5
https://cho-hamanako.info/blog/fukase-nimaishio-logic/,0,2,5,6,0%,33.33%,14.4,8.33
https://cho-hamanako.info/blog/okuhamanako-haze-fishing/,0,0,5,0,0%,0%,23,0
https://cho-hamanako.info/blog/aji-saba-sappa-beginner/,0,0,4,10,0%,0%,3.25,6.3
https://cho-hamanako.info/points/konankoukou/,0,0,4,5,0%,0%,7,10.4
https://cho-hamanako.info/points/sunza/,0,0,4,4,0%,0%,7.75,8.5
https://cho-hamanako.info/blog/mejina-cooking/,0,1,4,27,0%,3.7%,15,9.41
https://cho-hamanako.info/blog/,0,0,4,17,0%,0%,33.75,23.82
https://cho-hamanako.info/blog/guide/,0,0,4,15,0%,0%,52,21.33
https://cho-hamanako.info/blog/mejina-points/,0,0,3,1,0%,0%,3.33,4
https://cho-hamanako.info/blog/eging-points,0,0,3,5,0%,0%,4.33,7.8
https://cho-hamanako.info/points/otomeen/,0,6,3,24,0%,25%,4.67,6.33
https://cho-hamanako.info/blog/travel/hamanako-kanko-hub/,0,4,3,98,0%,4.08%,5,17.98
https://cho-hamanako.info/blog/night-fishing/,0,2,3,29,0%,6.9%,6,7.1
https://cho-hamanako.info/blog/kurodai-tactics/,0,1,3,14,0%,7.14%,7.33,6.43
https://cho-hamanako.info/points/isajigawa/,0,1,3,31,0%,3.23%,7.33,7.45
https://cho-hamanako.info/blog/9-month/,0,0,3,14,0%,0%,7.67,8.71
https://cho-hamanako.info/points/mio-suji-area-fukabori,0,1,3,10,0%,10%,8,6.9
https://cho-hamanako.info/blog/points-top5/,0,0,3,0,0%,0%,9,0
https://cho-hamanako.info/blog/kibire-complete-guide/,0,2,3,10,0%,20%,10.67,8.4
https://cho-hamanako.info/blog/tako-cooking/,0,0,3,10,0%,0%,16,10.4
https://cho-hamanako.info/blog/winter-shinp-strategy/,0,1,3,11,0%,9.09%,25.67,6.09
https://cho-hamanako.info/blog/tide-table-logic/,0,3,2,64,0%,4.69%,3,6.81
https://cho-hamanako.info/blog/bentenjima/,0,3,2,16,0%,18.75%,3.5,5.94
https://cho-hamanako.info/points/sayori-fukabori/,0,0,2,1,0%,0%,4,2
https://cho-hamanako.info/blog/5-month/,0,0,2,1,0%,0%,5,6
https://cho-hamanako.info/blog/guide/theory/feeding-switch/,0,0,2,17,0%,0%,6,6.94
https://cho-hamanako.info/points/yuto-yamazaki/,0,2,2,13,0%,15.38%,7.5,7.46
https://cho-hamanako.info/blog/cooking/beginner/koaji-karaage-recipe/,0,0,2,17,0%,0%,8.5,10.12
https://cho-hamanako.info/points/murakushi-fishing-port,0,0,2,7,0%,0%,9,6.71
https://cho-hamanako.info/blog/cooking/nezakana-nitsuke-recipe/,0,0,2,9,0%,0%,9.5,13.22
https://cho-hamanako.info/blog/eging/,0,0,2,2,0%,0%,9.5,11
https://cho-hamanako.info/blog/guide/theory/day-vs-night/,0,1,2,4,0%,25%,9.5,6.5
https://cho-hamanako.info/blog/cooking/tako-karaage-recipe/,0,0,2,4,0%,0%,10,23
https://cho-hamanako.info/points/yuto-yamazaki,0,0,2,1,0%,0%,10.5,11
https://cho-hamanako.info/blog/eging-tactics/,0,2,2,8,0%,25%,11,6.62
https://cho-hamanako.info/blog/kibire-cooking/,0,1,2,30,0%,3.33%,11,9.57
https://cho-hamanako.info/points/kyowa-boat/,0,0,2,1,0%,0%,11,11
https://cho-hamanako.info/blog/guide/method/myaku-hechi-fishing/,0,1,2,8,0%,12.5%,11.5,10.75
https://cho-hamanako.info/points/shinkawa-kakou/,0,1,2,9,0%,11.11%,11.5,8.11
https://cho-hamanako.info/blog/weekly-report-2026-04-02/,0,0,2,16,0%,0%,14,9.5
https://cho-hamanako.info/blog/flatfish-beginner/,0,2,2,26,0%,7.69%,18.5,7.46
https://cho-hamanako.info/points/syotaijihana/,0,0,1,4,0%,0%,1,5.25
https://cho-hamanako.info/blog/guide/theory/turbidity-water-color/,0,1,1,6,0%,16.67%,2,7
https://cho-hamanako.info/blog/night-seabass/,0,1,1,11,0%,9.09%,2,9.18
https://cho-hamanako.info/blog/6-month/,0,1,1,15,0%,6.67%,3,8.2
https://cho-hamanako.info/blog/flatfish-cooking/,0,0,1,33,0%,0%,3,19.58
https://cho-hamanako.info/blog/water-temperature-logic/,0,0,1,1,0%,0%,3,11
https://cho-hamanako.info/blog/guide/method/hamanako-sup-fishing/,0,1,1,4,0%,25%,4,9
https://cho-hamanako.info/blog/bachinuke-season-forecast-2026/,0,0,1,5,0%,0%,5,12.2
https://cho-hamanako.info/blog/casting-gomoku/,0,0,1,2,0%,0%,5,7
https://cho-hamanako.info/blog/guide/theory/dissolved-oxygen/,0,0,1,5,0%,0%,5,14.8
https://cho-hamanako.info/blog/mejina-beginner/,0,0,1,3,0%,0%,5,9
https://cho-hamanako.info/blog/eging-beginner/,0,0,1,0,0%,0%,7,0
https://cho-hamanako.info/blog/kibire-tactics/,0,0,1,3,0%,0%,7,6.67
https://cho-hamanako.info/blog/tako/,0,0,1,0,0%,0%,7,0
https://cho-hamanako.info/blog/guide/theory/moon-phase-pattern/,0,1,1,55,0%,1.82%,8,7.87
https://cho-hamanako.info/blog/guide/theory/mazume-logic/,0,0,1,4,0%,0%,9,3.75
https://cho-hamanako.info/blog/mebaru-kasago-cooking/,0,0,1,11,0%,0%,9,8.82
https://cho-hamanako.info/blog/mejina-tactics/,0,1,1,5,0%,20%,10,8.2
https://cho-hamanako.info/blog/travel/hamanako-clam-digging-fishing-2026/,0,0,1,2,0%,0%,10,4
https://cho-hamanako.info/blog/guide/beginner/hamanako-poisonous-fish-guide/,0,1,1,15,0%,6.67%,11,5.73
https://cho-hamanako.info/blog/kurodai-beginner/,0,0,1,8,0%,0%,11,5.38
https://cho-hamanako.info/points/chining-fukabori/,0,0,1,12,0%,0%,11,8.08
https://cho-hamanako.info/blog/november-guide/,0,0,1,4,0%,0%,20,7.25
https://cho-hamanako.info/blog/eging-cooking/,0,0,1,0,0%,0%,22,0
https://cho-hamanako.info/blog/mejina/,0,1,1,2,0%,50%,25,8
https://cho-hamanako.info/blog/flatfish-tactics/,0,0,1,3,0%,0%,32,6.33
https://cho-hamanako.info/blog/night-chining,0,4,0,15,0%,26.67%,0,9.33
https://cho-hamanako.info/blog/anazuri/,0,2,0,35,0%,5.71%,0,8.4
https://cho-hamanako.info/blog/guide/theory/wind-direction-fish/,0,2,0,29,0%,6.9%,0,5.93
https://cho-hamanako.info/points/sakumekaigan/,0,2,0,14,0%,14.29%,0,6.14
https://cho-hamanako.info/points/nagisaen,0,2,0,10,0%,20%,0,4.8
https://cho-hamanako.info/points/pokochan-coast/,0,1,0,11,0%,9.09%,0,6.45
https://cho-hamanako.info/blog/kareing/,0,1,0,11,0%,9.09%,0,7.55
https://cho-hamanako.info/blog/squid-complete/,0,1,0,9,0%,11.11%,0,3.89
https://cho-hamanako.info/blog/okuhamanako-haze-fishing,0,1,0,9,0%,11.11%,0,7
https://cho-hamanako.info/blog/sayori/,0,1,0,6,0%,16.67%,0,7.5
https://cho-hamanako.info/points/hamayu-ohashi/,0,1,0,5,0%,20%,0,5.8
https://cho-hamanako.info/blog/golden-week-hamanako-fishing/,0,1,0,5,0%,20%,0,6.8
https://cho-hamanako.info/points/boat-seabass-fukabori/,0,1,0,5,0%,20%,0,7.4
https://cho-hamanako.info/blog/august-hazekura,0,1,0,4,0%,25%,0,6.5
https://cho-hamanako.info/blog/haku-sasuke/,0,1,0,3,0%,33.33%,0,6.33
https://cho-hamanako.info/points/parkvillege/,0,1,0,3,0%,33.33%,0,23.33
https://cho-hamanako.info/blog/guide/theory/autumn-fall-pattern/,0,1,0,2,0%,50%,0,3
https://cho-hamanako.info/points/boatrace-hamanako,0,1,0,2,0%,50%,0,5
https://cho-hamanako.info/blog/kawahagi-tactics/,0,1,0,2,0%,50%,0,8.5
https://cho-hamanako.info/blog/kawahagi-points/,0,1,0,1,0%,100%,0,2
https://cho-hamanako.info/blog/hamana-depth-map-guide/,0,0,0,25,0%,0%,0,8.84
https://cho-hamanako.info/blog/comparison/,0,0,0,14,0%,0%,0,8.43
https://cho-hamanako.info/blog/karei-tactics/,0,0,0,12,0%,0%,0,11.17
https://cho-hamanako.info/points/isajigawa,0,0,0,11,0%,0%,0,8.18
https://cho-hamanako.info/blog/sayori-beginner-guide/,0,0,0,11,0%,0%,0,32.27
https://cho-hamanako.info/blog/guide/theory/structure-theory/,0,0,0,9,0%,0%,0,7.33
https://cho-hamanako.info/points/gardenpark/,0,0,0,7,0%,0%,0,8.57
https://cho-hamanako.info/blog/karei-beginner/,0,0,0,7,0%,0%,0,10
https://cho-hamanako.info/blog/august-hazekura/,0,0,0,6,0%,0%,0,6.5
https://cho-hamanako.info/points/imagiremaisakatei,0,0,0,6,0%,0%,0,8.67
https://cho-hamanako.info/points/ime/,0,0,0,5,0%,0%,0,7.2
https://cho-hamanako.info/blog/november-guide,0,0,0,5,0%,0%,0,9.4
https://cho-hamanako.info/blog/karei-points/,0,0,0,4,0%,0%,0,3.25
https://cho-hamanako.info/blog/hamanako-kurodai-topwater/,0,0,0,4,0%,0%,0,4.5
https://cho-hamanako.info/points/bachinuke-fukabori,0,0,0,4,0%,0%,0,5
https://cho-hamanako.info/points/photonics-under/,0,0,0,4,0%,0%,0,6.5
https://cho-hamanako.info/blog/golden-week-hamanako-fishing,0,0,0,4,0%,0%,0,10.25
https://cho-hamanako.info/blog/guide/theory/area-strategy-theory/,0,0,0,4,0%,0%,0,12.5
https://cho-hamanako.info/blog/haze-tactics/,0,0,0,4,0%,0%,0,21.25
https://cho-hamanako.info/blog/cooking/karei-nitsuke-recipe/,0,0,0,4,0%,0%,0,36.5
https://cho-hamanako.info/blog/kawahagi-points,0,0,0,3,0%,0%,0,6.33
https://cho-hamanako.info/blog/night-seabass,0,0,0,3,0%,0%,0,7.33
https://cho-hamanako.info/points/kisu-fukabori/,0,0,0,3,0%,0%,0,7.67
https://cho-hamanako.info/blog/mebaru-kasago-tactics/,0,0,0,3,0%,0%,0,9.67
https://cho-hamanako.info/blog/travel/kanzanji-fishing-walk-guide,0,0,0,3,0%,0%,0,11.67
https://cho-hamanako.info/points/boat-gomoku-fukabori/,0,0,0,3,0%,0%,0,11.67
https://cho-hamanako.info/blog/kibire-beginner/,0,0,0,3,0%,0%,0,12.67
https://cho-hamanako.info/blog/haku-pattern/,0,0,0,2,0%,0%,0,5
https://cho-hamanako.info/blog/kurodai-complete-guide/,0,0,0,2,0%,0%,0,5.5
https://cho-hamanako.info/blog/haze-beginner/,0,0,0,2,0%,0%,0,7
https://cho-hamanako.info/blog/tako,0,0,0,2,0%,0%,0,8
https://cho-hamanako.info/blog/eging-points/,0,0,0,2,0%,0%,0,9
https://cho-hamanako.info/points/matsumigaura/,0,0,0,2,0%,0%,0,9
https://cho-hamanako.info/blog/seasonal-guide/,0,0,0,2,0%,0%,0,11.5
https://cho-hamanako.info/blog/11-month/,0,0,0,2,0%,0%,0,12
https://cho-hamanako.info/blog/kisu-beginner/,0,0,0,2,0%,0%,0,15
https://cho-hamanako.info/blog/tako-beginner/,0,0,0,1,0%,0%,0,3
https://cho-hamanako.info/points/sakuramaru/,0,0,0,1,0%,0%,0,4
https://cho-hamanako.info/blog/bachinuke-lures/,0,0,0,1,0%,0%,0,5
https://cho-hamanako.info/points/ina/,0,0,0,1,0%,0%,0,5
https://cho-hamanako.info/blog/chinu-nokkomi-bait/,0,0,0,1,0%,0%,0,6
https://cho-hamanako.info/blog/12-december-chinta/,0,0,0,1,0%,0%,0,7
https://cho-hamanako.info/blog/travel/omote-area-travel/,0,0,0,1,0%,0%,0,7
https://cho-hamanako.info/blog/amihoshiba/,0,0,0,1,0%,0%,0,10
https://cho-hamanako.info/blog/winter-kasago/,0,0,0,1,0%,0%,0,11
https://cho-hamanako.info/blog/autumn-guide/,0,0,0,1,0%,0%,0,14
https://cho-hamanako.info/blog/chinutop-july,0,0,0,1,0%,0%,0,21
https://cho-hamanako.info/blog/karei/,0,0,0,1,0%,0%,0,21
https://cho-hamanako.info/points/utiyama-kaigan,0,0,0,1,0%,0%,0,21