query,wp_clicks,wp_imp,wp_pos,astro_clicks,astro_imp,astro_pos,delta_pos,delta_cpd,top_astro_page,slug_hint
浜名湖 冬 釣り,85,2127,4.42,1,4,6.5,2.08,-0.888199,https://cho-hamanako.info/blog/season/monthly/1-month/,/blog/season/monthly/1-month
浜名湖 カレイ,51,807,5.27,0,41,9.65,4.39,-0.554348,https://cho-hamanako.info/2025/09/9%E6%9C%88%E3%81%AE%E6%B5%9C%E5%90%8D%E6%B9%96%E3%82%AB%E3%83%AC%E3%82%A4%E9%87%A3%E3%82%8A%E9%96%8B%E5%B9%95%EF%BC%81%E6%8A%95%E3%81%92%E9%87%A3%E3%82%8A%E3%81%A7%E7%8B%99%E3%81%86%E7%A7%8B%E3%81%AE/,/2025/09/9月の浜名湖カレイ釣り開幕！投げ釣りで狙う秋の/
猪鼻湖 釣り,46,1262,3.17,3,90,7.54,4.37,-0.392857,https://cho-hamanako.info/2024/08/%E7%8C%AA%E9%BC%BB%E6%B9%96%EF%BC%88%E4%B8%89%E3%83%B6%E6%97%A5%EF%BC%89%EF%BD%9E%E5%A5%A5%E6%B5%9C%E5%90%8D%E6%B9%96%E3%81%AE%E9%87%A3%E3%82%8A%E3%83%9D%E3%82%A4%E3%83%B3%E3%83%88%E7%B4%B9%E4%BB%8B/,/2024/08/猪鼻湖（三ヶ日）～奥浜名湖の釣りポイント紹介/
今切口 釣り禁止,31,1160,5.8,0,37,8.9,3.1,-0.336957,https://cho-hamanako.info/blog/guide/beginner/hamanako-fishing-rules-and-manners/,/blog/guide/beginner/hamanako-fishing-rules-and-manners
浜名湖 カレイ釣り,29,305,4.61,1,9,7.13,2.52,-0.279503,https://cho-hamanako.info/2025/09/9%E6%9C%88%E3%81%AE%E6%B5%9C%E5%90%8D%E6%B9%96%E3%82%AB%E3%83%AC%E3%82%A4%E9%87%A3%E3%82%8A%E9%96%8B%E5%B9%95%EF%BC%81%E6%8A%95%E3%81%92%E9%87%A3%E3%82%8A%E3%81%A7%E7%8B%99%E3%81%86%E7%A7%8B%E3%81%AE/,/2025/09/9月の浜名湖カレイ釣り開幕！投げ釣りで狙う秋の/
渚園 釣り,31,601,2.53,2,12,4.17,1.64,-0.265528,https://cho-hamanako.info/2024/08/%E4%B8%AD%E4%B9%8B%E5%B3%B6%E3%83%BB%E6%B8%9A%E5%9C%92%EF%BD%9E%E8%A1%A8%E6%B5%9C%E5%90%8D%E6%B9%96%E3%81%AE%E9%87%A3%E3%82%8A%E3%83%9D%E3%82%A4%E3%83%B3%E3%83%88%E7%B4%B9%E4%BB%8B%EF%BD%9E/,/2024/08/中之島・渚園～表浜名湖の釣りポイント紹介～/
浜名湖 カサゴ ポイント,23,302,3.19,0,50,5.6,2.41,-0.25,https://cho-hamanako.info/2025/12/hamana-kasago-bignner-winter/,/2025/12/hamana-kasago-bignner-winter/
浜名湖 釣り 冬,21,515,4.95,0,1,4.0,-0.95,-0.228261,https://cho-hamanako.info/blog/season/monthly/1-month/,/blog/season/monthly/1-month
浜名湖釣り禁止エリア,21,292,1.6,0,5,7.2,5.6,-0.228261,https://cho-hamanako.info/blog/guide/beginner/hamanako-fishing-rules-and-manners/,/blog/guide/beginner/hamanako-fishing-rules-and-manners
都田川 釣り,27,914,3.4,2,169,5.24,1.84,-0.22205,https://cho-hamanako.info/2024/08/%E9%83%BD%E7%94%B0%E5%B7%9D%E6%B2%B3%E5%8F%A3%EF%BD%9E%E5%A5%A5%E6%B5%9C%E5%90%8D%E6%B9%96%E3%81%AE%E9%87%A3%E3%82%8A%E3%83%9D%E3%82%A4%E3%83%B3%E3%83%88%E7%B4%B9%E4%BB%8B%EF%BD%9E/,/2024/08/都田川河口～奥浜名湖の釣りポイント紹介～/
浜名湖釣り 車 横付け,29,1399,3.21,3,340,6.02,2.81,-0.208075,https://cho-hamanako.info/2024/09/%E5%AE%B6%E6%97%8F%E3%81%A7%E5%AE%89%E5%BF%83%EF%BC%81%E6%B5%9C%E5%90%8D%E6%B9%96%E3%81%A7%E8%BB%8A%E6%A8%AA%E4%BB%98%E3%81%91%E5%8F%AF%E8%83%BD%E3%81%AA%E9%87%A3%E3%82%8A%E5%A0%B4%E3%81%A8%E8%A8%AD/,/2024/09/家族で安心！浜名湖で車横付け可能な釣り場と設/
浜名湖カレイ釣り,19,395,5.58,0,12,6.91,1.33,-0.206522,https://cho-hamanako.info/2024/11/%E3%80%90%E5%88%9D%E5%BF%83%E8%80%85%E5%BF%85%E8%A6%8B%E3%80%91%E5%86%AC%E3%81%AE%E6%B5%9C%E5%90%8D%E6%B9%96%E3%81%A7%E3%82%AB%E3%83%AC%E3%82%A4%E3%82%92%E9%87%A3%E3%82%8B%E6%96%B9%E6%B3%95%EF%BC%81/,/2024/11/【初心者必見】冬の浜名湖でカレイを釣る方法！/
浜名湖 中之島,16,979,3.22,0,16,7.58,4.36,-0.173913,https://cho-hamanako.info/2024/08/%E4%B8%AD%E4%B9%8B%E5%B3%B6%E3%83%BB%E6%B8%9A%E5%9C%92%EF%BD%9E%E8%A1%A8%E6%B5%9C%E5%90%8D%E6%B9%96%E3%81%AE%E9%87%A3%E3%82%8A%E3%83%9D%E3%82%A4%E3%83%B3%E3%83%88%E7%B4%B9%E4%BB%8B%EF%BD%9E/,/2024/08/中之島・渚園～表浜名湖の釣りポイント紹介～/
都田川 シーバス,19,422,3.69,1,43,2.16,-1.53,-0.170807,https://cho-hamanako.info/2024/08/%E9%83%BD%E7%94%B0%E5%B7%9D%E6%B2%B3%E5%8F%A3%EF%BD%9E%E5%A5%A5%E6%B5%9C%E5%90%8D%E6%B9%96%E3%81%AE%E9%87%A3%E3%82%8A%E3%83%9D%E3%82%A4%E3%83%B3%E3%83%88%E7%B4%B9%E4%BB%8B%EF%BD%9E/,/2024/08/都田川河口～奥浜名湖の釣りポイント紹介～/
奥浜名湖 釣り,15,638,4.51,0,8,12.0,7.49,-0.163043,https://cho-hamanako.info/2024/08/%E7%8C%AA%E9%BC%BB%E6%B9%96%EF%BC%88%E4%B8%89%E3%83%B6%E6%97%A5%EF%BC%89%EF%BD%9E%E5%A5%A5%E6%B5%9C%E5%90%8D%E6%B9%96%E3%81%AE%E9%87%A3%E3%82%8A%E3%83%9D%E3%82%A4%E3%83%B3%E3%83%88%E7%B4%B9%E4%BB%8B/,/2024/08/猪鼻湖（三ヶ日）～奥浜名湖の釣りポイント紹介/
浜名湖 タチウオ,14,489,4.2,0,13,9.48,5.28,-0.152174,https://cho-hamanako.info/2024/11/%E6%B5%9C%E5%90%8D%E6%B9%96%E3%81%A7%E3%82%BF%E3%83%81%E3%82%A6%E3%82%AA%E3%82%92%E9%87%A3%E3%82%8B%E3%81%AA%E3%82%89%E3%81%93%E3%81%93%EF%BC%81%E3%81%8A%E3%81%99%E3%81%99%E3%82%81%E9%87%A3%E3%82%8A/,/2024/11/浜名湖でタチウオを釣るならここ！おすすめ釣り/
浜名湖アジング 冬,13,899,6.78,0,43,9.72,2.94,-0.141304,https://cho-hamanako.info/2024/11/%E6%B5%9C%E5%90%8D%E6%B9%96%E3%81%A7%E6%A5%BD%E3%81%97%E3%82%80%E3%82%A2%E3%82%B8%E3%83%B3%E3%82%B0%E3%81%AE%E9%86%8D%E9%86%90%E5%91%B3%EF%BC%9A%E8%A9%95%E4%BE%A1%E3%81%AE%E9%AB%98%E3%81%84%E3%83%9D/,/2024/11/浜名湖で楽しむアジングの醍醐味：評価の高いポ/
村櫛漁港,13,689,3.21,0,8,6.8,3.59,-0.141304,https://cho-hamanako.info/2024/08/%E6%9D%91%E6%AB%9B%E6%BC%81%E6%B8%AF%E4%BB%98%E8%BF%91%E3%83%BB%E3%82%AC%E3%83%BC%E3%83%87%E3%83%B3%E3%83%91%E3%83%BC%E3%82%AF%EF%BD%9E%E4%B8%AD%E6%B5%9C%E5%90%8D%E6%B9%96%E3%81%AE%E9%87%A3%E3%82%8A/,/2024/08/村櫛漁港付近・ガーデンパーク～中浜名湖の釣り/
浜名湖 メバル ポイント,13,416,6.37,0,65,10.07,3.7,-0.141304,https://cho-hamanako.info/2024/11/%E6%B5%9C%E5%90%8D%E6%B9%96%E3%81%A7%E3%83%A1%E3%83%90%E3%83%AB%E3%82%92%E9%87%A3%E3%82%8B%E6%96%B9%E6%B3%95%EF%BD%9E%E5%88%9D%E5%BF%83%E8%80%85%E3%81%8B%E3%82%89%E4%B8%8A%E7%B4%9A%E8%80%85%E3%81%BE/,/2024/11/浜名湖でメバルを釣る方法～初心者から上級者ま/
浜名湖 メバル,19,1136,6.16,2,47,8.73,2.57,-0.135093,https://cho-hamanako.info/2024/11/%E6%B5%9C%E5%90%8D%E6%B9%96%E3%81%A7%E3%83%A1%E3%83%90%E3%83%AB%E3%82%92%E9%87%A3%E3%82%8B%E6%96%B9%E6%B3%95%EF%BD%9E%E5%88%9D%E5%BF%83%E8%80%85%E3%81%8B%E3%82%89%E4%B8%8A%E7%B4%9A%E8%80%85%E3%81%BE/,/2024/11/浜名湖でメバルを釣る方法～初心者から上級者ま/
今 切口 釣り禁止,12,610,6.02,0,16,9.11,3.1,-0.130435,https://cho-hamanako.info/blog/guide/beginner/hamanako-fishing-rules-and-manners/,/blog/guide/beginner/hamanako-fishing-rules-and-manners
浜名湖 釣り情報 キス,11,816,4.86,0,1,12.0,7.14,-0.119565,https://cho-hamanako.info/2024/11/%E6%B5%9C%E5%90%8D%E6%B9%96%E3%82%B7%E3%83%AD%E3%82%AE%E3%82%B9%E9%87%A3%E3%82%8A%E3%81%AE%E3%83%99%E3%82%B9%E3%83%88%E3%83%9D%E3%82%A4%E3%83%B3%E3%83%885%E9%81%B8%EF%BC%81%E5%88%9D%E5%BF%83%E8%80%85/,/2024/11/浜名湖シロギス釣りのベストポイント5選！初心者/
都田川河口,14,199,1.47,1,20,3.05,1.58,-0.11646,https://cho-hamanako.info/2024/08/%E9%83%BD%E7%94%B0%E5%B7%9D%E6%B2%B3%E5%8F%A3%EF%BD%9E%E5%A5%A5%E6%B5%9C%E5%90%8D%E6%B9%96%E3%81%AE%E9%87%A3%E3%82%8A%E3%83%9D%E3%82%A4%E3%83%B3%E3%83%88%E7%B4%B9%E4%BB%8B%EF%BD%9E/,/2024/08/都田川河口～奥浜名湖の釣りポイント紹介～/
中之島 浜名湖,10,374,2.82,0,7,5.0,2.18,-0.108696,https://cho-hamanako.info/2024/08/%E4%B8%AD%E4%B9%8B%E5%B3%B6%E3%83%BB%E6%B8%9A%E5%9C%92%EF%BD%9E%E8%A1%A8%E6%B5%9C%E5%90%8D%E6%B9%96%E3%81%AE%E9%87%A3%E3%82%8A%E3%83%9D%E3%82%A4%E3%83%B3%E3%83%88%E7%B4%B9%E4%BB%8B%EF%BD%9E/,/2024/08/中之島・渚園～表浜名湖の釣りポイント紹介～/
浜名湖 アジング ポイント,12,846,8.43,1,2,15.0,6.57,-0.09472,https://cho-hamanako.info/blog/guide/method/ajing-guide/,/blog/guide/method/ajing-guide
浜名湖アジングポイント,8,719,8.76,0,3,8.3,-0.46,-0.086957,https://cho-hamanako.info/blog/guide/method/ajing-guide/,/blog/guide/method/ajing-guide
浜名湖 カワハギ,8,727,5.97,0,28,7.59,1.62,-0.086957,https://cho-hamanako.info/2024/11/%E6%B5%9C%E5%90%8D%E6%B9%96%E3%81%A7%E3%82%AB%E3%83%AF%E3%83%8F%E3%82%AE%E3%82%92%E9%87%A3%E3%82%8B%E6%96%B9%E6%B3%95%E5%AE%8C%E5%85%A8%E3%82%AC%E3%82%A4%E3%83%89%EF%BC%81%E9%87%A3%E3%82%8C%E3%82%8B/,/2024/11/浜名湖でカワハギを釣る方法完全ガイド！釣れる/
浜名湖水深図,7,106,3.68,0,5,5.0,1.32,-0.076087,https://cho-hamanako.info/2024/11/%E9%87%A3%E3%82%8A%E3%81%AB%E3%82%81%E3%81%A3%E3%81%A1%E3%82%83%E5%BD%B9%E7%AB%8B%E3%81%A4%EF%BC%81%E6%B5%9C%E5%90%8D%E6%B9%96%E5%85%A8%E5%9F%9F%E3%81%AE%E6%B0%B4%E6%B7%B1%E3%82%92%E7%9F%A5%E3%82%8B/,/2024/11/釣りにめっちゃ役立つ！浜名湖全域の水深を知る/
浜名湖 釣具屋,10,598,2.19,1,75,2.96,0.77,-0.072981,https://cho-hamanako.info/2024/11/%E6%B5%9C%E5%90%8D%E6%B9%96%E5%91%A8%E8%BE%BA%E3%81%AB%E3%81%82%E3%82%8B%E9%87%A3%E5%85%B7%E5%BA%97%E3%82%92%E3%82%A8%E3%83%AA%E3%82%A2%E5%88%A5%E3%82%84%E3%81%8A%E3%81%99%E3%81%99%E3%82%81%E3%81%A7/,/2024/11/浜名湖周辺にある釣具店をエリア別やおすすめで/
浜名湖 シーバス ポイント,6,300,10.14,0,2,22.0,11.86,-0.065217,https://cho-hamanako.info/2025/12/seabass-winter-pointtactics/,/2025/12/seabass-winter-pointtactics/
浜名湖 水深マップ,9,226,3.54,1,20,5.58,2.04,-0.062112,https://cho-hamanako.info/2024/11/%E9%87%A3%E3%82%8A%E3%81%AB%E3%82%81%E3%81%A3%E3%81%A1%E3%82%83%E5%BD%B9%E7%AB%8B%E3%81%A4%EF%BC%81%E6%B5%9C%E5%90%8D%E6%B9%96%E5%85%A8%E5%9F%9F%E3%81%AE%E6%B0%B4%E6%B7%B1%E3%82%92%E7%9F%A5%E3%82%8B/,/2024/11/釣りにめっちゃ役立つ！浜名湖全域の水深を知る/
弁天島海浜公園 釣り禁止,5,412,9.14,0,36,9.42,0.28,-0.054348,https://cho-hamanako.info/2025/10/%E3%80%90%E5%88%9D%E5%BF%83%E8%80%85%E5%BF%85%E8%A6%8B%E3%80%91%E6%B5%9C%E5%90%8D%E6%B9%96%E9%87%A3%E3%82%8A%E3%81%AE%E3%83%AB%E3%83%BC%E3%83%AB%E3%81%A8%E3%83%9E%E3%83%8A%E3%83%BC%E5%AE%8C%E5%85%A8/,/2025/10/【初心者必見】浜名湖釣りのルールとマナー完全/
浜名湖今 切口 釣り禁止,5,598,8.04,0,223,8.52,0.48,-0.054348,https://cho-hamanako.info/blog/guide/beginner/hamanako-fishing-rules-and-manners/,/blog/guide/beginner/hamanako-fishing-rules-and-manners
浜名湖 2月 釣り,5,63,3.65,0,2,5.0,1.35,-0.054348,https://cho-hamanako.info/2024/12/2%E6%9C%88%E3%81%AE%E6%B5%9C%E5%90%8D%E6%B9%96%E3%81%A7%E3%81%8A%E3%81%99%E3%81%99%E3%82%81%E3%81%AE%E9%87%A3%E3%82%8A%E3%83%9D%E3%82%A4%E3%83%B3%E3%83%886%E9%81%B8/,/2024/12/2月の浜名湖でおすすめの釣りポイント6選/
渚園キャンプ場 釣り,8,169,4.2,1,26,6.77,2.57,-0.051242,https://cho-hamanako.info/2024/08/%E4%B8%AD%E4%B9%8B%E5%B3%B6%E3%83%BB%E6%B8%9A%E5%9C%92%EF%BD%9E%E8%A1%A8%E6%B5%9C%E5%90%8D%E6%B9%96%E3%81%AE%E9%87%A3%E3%82%8A%E3%83%9D%E3%82%A4%E3%83%B3%E3%83%88%E7%B4%B9%E4%BB%8B%EF%BD%9E/,/2024/08/中之島・渚園～表浜名湖の釣りポイント紹介～/
浜名湖 水深,4,637,7.83,0,52,4.23,-3.6,-0.043478,https://cho-hamanako.info/2024/11/%E9%87%A3%E3%82%8A%E3%81%AB%E3%82%81%E3%81%A3%E3%81%A1%E3%82%83%E5%BD%B9%E7%AB%8B%E3%81%A4%EF%BC%81%E6%B5%9C%E5%90%8D%E6%B9%96%E5%85%A8%E5%9F%9F%E3%81%AE%E6%B0%B4%E6%B7%B1%E3%82%92%E7%9F%A5%E3%82%8B/,/2024/11/釣りにめっちゃ役立つ！浜名湖全域の水深を知る/
浜名湖 釣り禁止,96,1995,2.18,28,301,2.08,-0.1,-0.043478,https://cho-hamanako.info/blog/guide/beginner/hamanako-fishing-rules-and-manners/,/blog/guide/beginner/hamanako-fishing-rules-and-manners
浜名湖 ヒラメ ポイント,4,97,10.42,0,97,11.04,0.62,-0.043478,https://cho-hamanako.info/2025/11/hirame-hama-11/,/2025/11/hirame-hama-11/
浜名湖 水温,4,64,10.1,0,3,12.3,2.2,-0.043478,https://cho-hamanako.info/2025/01/%E6%B5%9C%E5%90%8D%E6%B9%96%E3%81%AE%E6%B0%B4%E6%B8%A9%E3%82%92%E3%83%81%E3%82%A7%E3%83%83%E3%82%AF%E3%81%A7%E3%81%8D%E3%82%8B%E6%9C%89%E8%83%BD%E3%81%AA%E3%82%A6%E3%82%A7%E3%83%96%E3%82%B5%E3%82%A4/,/2025/01/浜名湖の水温をチェックできる有能なウェブサイ/
浜名湖 穴釣り,13,417,4.38,3,38,13.19,8.81,-0.034161,https://cho-hamanako.info/blog/anazuri/,/blog/anazuri
浜名湖 アジ釣り ポイント,3,711,9.92,0,1,3.0,-6.92,-0.032609,https://cho-hamanako.info/2024/11/%E6%B5%9C%E5%90%8D%E6%B9%96%E3%81%A7%E6%A5%BD%E3%81%97%E3%82%80%E3%82%A2%E3%82%B8%E3%83%B3%E3%82%B0%E3%81%AE%E9%86%8D%E9%86%90%E5%91%B3%EF%BC%9A%E8%A9%95%E4%BE%A1%E3%81%AE%E9%AB%98%E3%81%84%E3%83%9D/,/2024/11/浜名湖で楽しむアジングの醍醐味：評価の高いポ/
女河浦海水浴場,3,678,7.33,0,4,7.0,-0.33,-0.032609,https://cho-hamanako.info/2024/08/%E5%A5%B3%E6%B2%B3%E6%B5%A6%E6%B5%B7%E6%B0%B4%E6%B5%B4%E5%A0%B4%EF%BD%9E%E4%B8%AD%E6%B5%9C%E5%90%8D%E6%B9%96%E3%81%AE%E9%87%A3%E3%82%8A%E3%83%9D%E3%82%A4%E3%83%B3%E3%83%88%E7%B4%B9%E4%BB%8B%EF%BD%9E/,/2024/08/女河浦海水浴場～中浜名湖の釣りポイント紹介～/
舞阪漁港 釣り,3,421,10.74,0,5,14.2,3.46,-0.032609,https://cho-hamanako.info/2025/10/%E3%80%90%E5%88%9D%E5%BF%83%E8%80%85%E5%BF%85%E8%A6%8B%E3%80%91%E6%B5%9C%E5%90%8D%E6%B9%96%E9%87%A3%E3%82%8A%E3%81%AE%E3%83%AB%E3%83%BC%E3%83%AB%E3%81%A8%E3%83%9E%E3%83%8A%E3%83%BC%E5%AE%8C%E5%85%A8/,/2025/10/【初心者必見】浜名湖釣りのルールとマナー完全/
舞阪 漁港 釣り禁止,5,171,4.68,1,84,4.7,0.02,-0.018634,https://cho-hamanako.info/blog/guide/beginner/hamanako-fishing-rules-and-manners/,/blog/guide/beginner/hamanako-fishing-rules-and-manners
浜名湖 アジング,8,453,9.34,2,4,9.5,0.16,-0.015528,https://cho-hamanako.info/blog/guide/method/ajing-guide/,/blog/guide/method/ajing-guide
浜名湖 釣り場 マップ,1,25,19.12,0,20,7.45,-11.67,-0.01087,https://cho-hamanako.info/map/?area=%E4%B8%AD%E6%B5%9C%E5%90%8D%E6%B9%96,/map/
新居海釣り公園 何 番が釣れる,1,47,11.45,0,1,1.0,-10.45,-0.01087,https://cho-hamanako.info/2025/11/araibenten-11-5select/,/2025/11/araibenten-11-5select/
奥浜名湖 釣果,1,124,8.75,0,2,7.5,-1.25,-0.01087,https://cho-hamanako.info/2024/08/%E7%8C%AA%E9%BC%BB%E6%B9%96%EF%BC%88%E4%B8%89%E3%83%B6%E6%97%A5%EF%BC%89%EF%BD%9E%E5%A5%A5%E6%B5%9C%E5%90%8D%E6%B9%96%E3%81%AE%E9%87%A3%E3%82%8A%E3%83%9D%E3%82%A4%E3%83%B3%E3%83%88%E7%B4%B9%E4%BB%8B/,/2024/08/猪鼻湖（三ヶ日）～奥浜名湖の釣りポイント紹介/
浜名湖 サビキ,1,32,8.7,0,6,7.67,-1.03,-0.01087,https://cho-hamanako.info/2024/11/%E6%B5%9C%E5%90%8D%E6%B9%96%E3%81%A7%E3%82%B5%E3%83%93%E3%82%AD%E9%87%A3%E3%82%8A%E3%82%92%E6%A5%BD%E3%81%97%E3%82%82%E3%81%86%EF%BC%81%E3%81%8A%E3%81%99%E3%81%99%E3%82%81%E3%81%AE%E3%82%B7%E3%83%BC/,/2024/11/浜名湖でサビキ釣りを楽しもう！おすすめのシー/
舞阪港 釣り,1,143,11.3,0,2,10.5,-0.8,-0.01087,https://cho-hamanako.info/2025/10/%E3%80%90%E5%88%9D%E5%BF%83%E8%80%85%E5%BF%85%E8%A6%8B%E3%80%91%E6%B5%9C%E5%90%8D%E6%B9%96%E9%87%A3%E3%82%8A%E3%81%AE%E3%83%AB%E3%83%BC%E3%83%AB%E3%81%A8%E3%83%9E%E3%83%8A%E3%83%BC%E5%AE%8C%E5%85%A8/,/2025/10/【初心者必見】浜名湖釣りのルールとマナー完全/
釣具屋,1,207,10.3,0,18,10.1,-0.2,-0.01087,https://cho-hamanako.info/2024/11/%E6%B5%9C%E5%90%8D%E6%B9%96%E5%91%A8%E8%BE%BA%E3%81%AB%E3%81%82%E3%82%8B%E9%87%A3%E5%85%B7%E5%BA%97%E3%82%92%E3%82%A8%E3%83%AA%E3%82%A2%E5%88%A5%E3%82%84%E3%81%8A%E3%81%99%E3%81%99%E3%82%81%E3%81%A7/,/2024/11/浜名湖周辺にある釣具店をエリア別やおすすめで/
新居 弁天 海釣公園 ライブカメラ,1,177,5.9,0,2,6.5,0.6,-0.01087,https://cho-hamanako.info/2024/12/%E9%87%A3%E3%82%8A%E3%81%AB%E8%A1%8C%E3%81%8F%E7%9B%B4%E5%89%8D%E3%80%81%E6%B5%9C%E5%90%8D%E6%B9%96%E3%81%AE%E7%8A%B6%E6%B3%81%E3%82%92%E3%83%A9%E3%82%A4%E3%83%96%E3%82%AB%E3%83%A1%E3%83%A9%E3%82%84/,/2024/12/釣りに行く直前、浜名湖の状況をライブカメラや/
浜名湖水深,1,567,7.98,0,53,8.62,0.63,-0.01087,https://cho-hamanako.info/2024/11/%E9%87%A3%E3%82%8A%E3%81%AB%E3%82%81%E3%81%A3%E3%81%A1%E3%82%83%E5%BD%B9%E7%AB%8B%E3%81%A4%EF%BC%81%E6%B5%9C%E5%90%8D%E6%B9%96%E5%85%A8%E5%9F%9F%E3%81%AE%E6%B0%B4%E6%B7%B1%E3%82%92%E7%9F%A5%E3%82%8B/,/2024/11/釣りにめっちゃ役立つ！浜名湖全域の水深を知る/
サヨリ釣り 時期,1,39,11.0,0,1,13.0,2.0,-0.01087,https://cho-hamanako.info/2024/11/%E6%B5%9C%E5%90%8D%E6%B9%96%E3%81%A7%E3%82%B5%E3%83%A8%E3%83%AA%E3%82%92%E9%87%A3%E3%82%8B%E6%96%B9%E6%B3%95%EF%BC%81%E3%81%8A%E3%81%99%E3%81%99%E3%82%81%E3%81%AE%E3%82%B7%E3%83%BC%E3%82%BA%E3%83%B3/,/2024/11/浜名湖でサヨリを釣る方法！おすすめのシーズン/
弁天島 釣り禁止,1,38,8.85,0,1,11.0,2.15,-0.01087,https://cho-hamanako.info/blog/guide/beginner/hamanako-fishing-rules-and-manners/,/blog/guide/beginner/hamanako-fishing-rules-and-manners
浜名湖 水温 現在,1,21,9.42,0,1,12.0,2.58,-0.01087,https://cho-hamanako.info/2025/01/%E6%B5%9C%E5%90%8D%E6%B9%96%E3%81%AE%E6%B0%B4%E6%B8%A9%E3%82%92%E3%83%81%E3%82%A7%E3%83%83%E3%82%AF%E3%81%A7%E3%81%8D%E3%82%8B%E6%9C%89%E8%83%BD%E3%81%AA%E3%82%A6%E3%82%A7%E3%83%96%E3%82%B5%E3%82%A4/,/2025/01/浜名湖の水温をチェックできる有能なウェブサイ/
浜名湖アジング,1,192,10.02,0,2,15.5,5.48,-0.01087,https://cho-hamanako.info/2024/11/%E6%B5%9C%E5%90%8D%E6%B9%96%E3%81%A7%E6%A5%BD%E3%81%97%E3%82%80%E3%82%A2%E3%82%B8%E3%83%B3%E3%82%B0%E3%81%AE%E9%86%8D%E9%86%90%E5%91%B3%EF%BC%9A%E8%A9%95%E4%BE%A1%E3%81%AE%E9%AB%98%E3%81%84%E3%83%9D/,/2024/11/浜名湖で楽しむアジングの醍醐味：評価の高いポ/
浜名湖 釣り ポイント,1,49,13.77,0,1,25.0,11.23,-0.01087,https://cho-hamanako.info/map/?area=%E8%A1%A8%E6%B5%9C%E5%90%8D%E6%B9%96,/map/
中之島 釣り,1,64,7.17,0,1,20.0,12.83,-0.01087,https://cho-hamanako.info/2024/08/%E4%B8%AD%E4%B9%8B%E5%B3%B6%E3%83%BB%E6%B8%9A%E5%9C%92%EF%BD%9E%E8%A1%A8%E6%B5%9C%E5%90%8D%E6%B9%96%E3%81%AE%E9%87%A3%E3%82%8A%E3%83%9D%E3%82%A4%E3%83%B3%E3%83%88%E7%B4%B9%E4%BB%8B%EF%BD%9E/,/2024/08/中之島・渚園～表浜名湖の釣りポイント紹介～/
浜名湖 シーバス,1,25,18.96,0,3,35.0,16.04,-0.01087,https://cho-hamanako.info/2024/10/%E6%B5%9C%E5%90%8D%E6%B9%96%E3%81%A7%E3%82%B9%E3%82%BA%E3%82%AD%EF%BC%88%E3%82%B7%E3%83%BC%E3%83%90%E3%82%B9%EF%BC%89%E9%87%A3%E3%82%8A%E3%81%AE%E3%81%8A%E3%81%99%E3%81%99%E3%82%81%E3%83%9D%E3%82%A4/,/2024/10/浜名湖でスズキ（シーバス）釣りのおすすめポイ/
新居海釣り公園 ライブカメラ,4,1475,6.2,1,168,8.1,1.9,-0.007764,https://cho-hamanako.info/2024/12/%E9%87%A3%E3%82%8A%E3%81%AB%E8%A1%8C%E3%81%8F%E7%9B%B4%E5%89%8D%E3%80%81%E6%B5%9C%E5%90%8D%E6%B9%96%E3%81%AE%E7%8A%B6%E6%B3%81%E3%82%92%E3%83%A9%E3%82%A4%E3%83%96%E3%82%AB%E3%83%A1%E3%83%A9%E3%82%84/,/2024/12/釣りに行く直前、浜名湖の状況をライブカメラや/
はまゆう大橋,0,4,20.3,0,72,1.1,-19.2,0.0,https://cho-hamanako.info/2024/08/%E3%81%AF%E3%81%BE%E3%82%86%E3%81%86%E5%A4%A7%E6%A9%8B%EF%BD%9E%E4%B8%AD%E6%B5%9C%E5%90%8D%E6%B9%96%E3%81%AE%E9%87%A3%E3%82%8A%E3%83%9D%E3%82%A4%E3%83%B3%E3%83%88%E7%B4%B9%E4%BB%8B%EF%BD%9E/,/2024/08/はまゆう大橋～中浜名湖の釣りポイント紹介～/
新居海釣り公園 夜釣り,0,13,14.31,0,5,7.0,-7.31,0.0,https://cho-hamanako.info/2025/11/araibenten-11-5select/,/2025/11/araibenten-11-5select/
浜名湖メバル,0,105,7.67,0,1,3.0,-4.67,0.0,https://cho-hamanako.info/2026/02/feb-mebaring-guide/,/2026/02/feb-mebaring-guide/
浜名湖 深さ,0,99,5.8,0,11,3.5,-2.3,0.0,https://cho-hamanako.info/2024/11/%E9%87%A3%E3%82%8A%E3%81%AB%E3%82%81%E3%81%A3%E3%81%A1%E3%82%83%E5%BD%B9%E7%AB%8B%E3%81%A4%EF%BC%81%E6%B5%9C%E5%90%8D%E6%B9%96%E5%85%A8%E5%9F%9F%E3%81%AE%E6%B0%B4%E6%B7%B1%E3%82%92%E7%9F%A5%E3%82%8B/,/2024/11/釣りにめっちゃ役立つ！浜名湖全域の水深を知る/
浜名湖 イカ,0,35,10.14,0,9,8.57,-1.58,0.0,https://cho-hamanako.info/blog/target/eging/squid-complete/,/blog/target/eging/squid-complete
浜名湖競艇ポイント,0,17,11.4,0,1,10.0,-1.4,0.0,https://cho-hamanako.info/2024/08/%E3%83%9C%E3%83%BC%E3%83%88%E3%83%AC%E3%83%BC%E3%82%B9%E6%B5%9C%E5%90%8D%E6%B9%96%EF%BC%88%E6%B5%9C%E5%90%8D%E6%B9%96%E7%AB%B6%E8%89%87%E5%A0%B4%EF%BC%89%EF%BD%9E%E8%A1%A8%E6%B5%9C%E5%90%8D%E6%B9%96/,/2024/08/ボートレース浜名湖（浜名湖競艇場）～表浜名湖/
釣り屋,0,10,9.3,0,2,8.0,-1.3,0.0,https://cho-hamanako.info/2024/11/%E6%B5%9C%E5%90%8D%E6%B9%96%E5%91%A8%E8%BE%BA%E3%81%AB%E3%81%82%E3%82%8B%E9%87%A3%E5%85%B7%E5%BA%97%E3%82%92%E3%82%A8%E3%83%AA%E3%82%A2%E5%88%A5%E3%82%84%E3%81%8A%E3%81%99%E3%81%99%E3%82%81%E3%81%A7/,/2024/11/浜名湖周辺にある釣具店をエリア別やおすすめで/
釣りエサ 近く,0,16,9.4,0,2,8.5,-0.9,0.0,https://cho-hamanako.info/2024/11/%E6%B5%9C%E5%90%8D%E6%B9%96%E5%91%A8%E8%BE%BA%E3%81%AB%E3%81%82%E3%82%8B%E9%87%A3%E5%85%B7%E5%BA%97%E3%82%92%E3%82%A8%E3%83%AA%E3%82%A2%E5%88%A5%E3%82%84%E3%81%8A%E3%81%99%E3%81%99%E3%82%81%E3%81%A7/,/2024/11/浜名湖周辺にある釣具店をエリア別やおすすめで/
海釣り公園 ライブカメラ,0,40,6.9,0,4,6.0,-0.9,0.0,https://cho-hamanako.info/2024/12/%E9%87%A3%E3%82%8A%E3%81%AB%E8%A1%8C%E3%81%8F%E7%9B%B4%E5%89%8D%E3%80%81%E6%B5%9C%E5%90%8D%E6%B9%96%E3%81%AE%E7%8A%B6%E6%B3%81%E3%82%92%E3%83%A9%E3%82%A4%E3%83%96%E3%82%AB%E3%83%A1%E3%83%A9%E3%82%84/,/2024/12/釣りに行く直前、浜名湖の状況をライブカメラや/
アジング 浜名湖,0,32,9.3,0,4,8.5,-0.8,0.0,https://cho-hamanako.info/blog/guide/method/ajing-guide/,/blog/guide/method/ajing-guide
浜名湖 猪鼻湖,0,16,1.8,0,1,1.0,-0.8,0.0,https://cho-hamanako.info/2024/08/%E7%8C%AA%E9%BC%BB%E6%B9%96%EF%BC%88%E4%B8%89%E3%83%B6%E6%97%A5%EF%BC%89%EF%BD%9E%E5%A5%A5%E6%B5%9C%E5%90%8D%E6%B9%96%E3%81%AE%E9%87%A3%E3%82%8A%E3%83%9D%E3%82%A4%E3%83%B3%E3%83%88%E7%B4%B9%E4%BB%8B/,/2024/08/猪鼻湖（三ヶ日）～奥浜名湖の釣りポイント紹介/
浜名湖 釣り 初心者,0,23,12.76,0,1,12.0,-0.76,0.0,https://cho-hamanako.info/blog/guide/,/blog/guide
浜名湖 ヒラメ,0,139,9.89,0,1,10.0,0.11,0.0,https://cho-hamanako.info/2025/11/hirame-hama-11/,/2025/11/hirame-hama-11/
浜名湖 冬 釣りポイント,0,65,5.17,0,23,5.56,0.39,0.0,https://cho-hamanako.info/blog/season/monthly/1-month/,/blog/season/monthly/1-month
浜名湖深さ,0,30,3.5,0,3,4.3,0.8,0.0,https://cho-hamanako.info/2024/11/%E9%87%A3%E3%82%8A%E3%81%AB%E3%82%81%E3%81%A3%E3%81%A1%E3%82%83%E5%BD%B9%E7%AB%8B%E3%81%A4%EF%BC%81%E6%B5%9C%E5%90%8D%E6%B9%96%E5%85%A8%E5%9F%9F%E3%81%AE%E6%B0%B4%E6%B7%B1%E3%82%92%E7%9F%A5%E3%82%8B/,/2024/11/釣りにめっちゃ役立つ！浜名湖全域の水深を知る/
釣り道具屋,0,19,9.8,0,3,11.0,1.2,0.0,https://cho-hamanako.info/2024/11/%E6%B5%9C%E5%90%8D%E6%B9%96%E5%91%A8%E8%BE%BA%E3%81%AB%E3%81%82%E3%82%8B%E9%87%A3%E5%85%B7%E5%BA%97%E3%82%92%E3%82%A8%E3%83%AA%E3%82%A2%E5%88%A5%E3%82%84%E3%81%8A%E3%81%99%E3%81%99%E3%82%81%E3%81%A7/,/2024/11/浜名湖周辺にある釣具店をエリア別やおすすめで/
近くの釣具屋,0,172,7.8,0,5,9.4,1.6,0.0,https://cho-hamanako.info/2024/11/%E6%B5%9C%E5%90%8D%E6%B9%96%E5%91%A8%E8%BE%BA%E3%81%AB%E3%81%82%E3%82%8B%E9%87%A3%E5%85%B7%E5%BA%97%E3%82%92%E3%82%A8%E3%83%AA%E3%82%A2%E5%88%A5%E3%82%84%E3%81%8A%E3%81%99%E3%81%99%E3%82%81%E3%81%A7/,/2024/11/浜名湖周辺にある釣具店をエリア別やおすすめで/
新居弁天海釣公園 釣果,0,41,8.15,0,1,10.0,1.85,0.0,https://cho-hamanako.info/2025/11/araibenten-11-5select/,/2025/11/araibenten-11-5select/
釣具屋 近く,0,111,6.7,0,11,8.6,1.9,0.0,https://cho-hamanako.info/2024/11/%E6%B5%9C%E5%90%8D%E6%B9%96%E5%91%A8%E8%BE%BA%E3%81%AB%E3%81%82%E3%82%8B%E9%87%A3%E5%85%B7%E5%BA%97%E3%82%92%E3%82%A8%E3%83%AA%E3%82%A2%E5%88%A5%E3%82%84%E3%81%8A%E3%81%99%E3%81%99%E3%82%81%E3%81%A7/,/2024/11/浜名湖周辺にある釣具店をエリア別やおすすめで/
浜名湖 エギング,0,18,7.78,0,10,9.8,2.02,0.0,https://cho-hamanako.info/2025/11/hamanako-egging-technic-timepoint/,/2025/11/hamanako-egging-technic-timepoint/
猪鼻湖,0,288,2.3,0,56,4.5,2.2,0.0,https://cho-hamanako.info/2024/08/%E7%8C%AA%E9%BC%BB%E6%B9%96%EF%BC%88%E4%B8%89%E3%83%B6%E6%97%A5%EF%BC%89%EF%BD%9E%E5%A5%A5%E6%B5%9C%E5%90%8D%E6%B9%96%E3%81%AE%E9%87%A3%E3%82%8A%E3%83%9D%E3%82%A4%E3%83%B3%E3%83%88%E7%B4%B9%E4%BB%8B/,/2024/08/猪鼻湖（三ヶ日）～奥浜名湖の釣りポイント紹介/
釣り 浜名湖,0,34,41.59,0,14,45.3,3.71,0.0,https://cho-hamanako.info/,/
釣り餌 自販機 近く,0,11,5.2,0,2,10.0,4.8,0.0,https://cho-hamanako.info/2024/11/%E6%B5%9C%E5%90%8D%E6%B9%96%E5%91%A8%E8%BE%BA%E3%81%AB%E3%81%82%E3%82%8B%E9%87%A3%E5%85%B7%E5%BA%97%E3%82%92%E3%82%A8%E3%83%AA%E3%82%A2%E5%88%A5%E3%82%84%E3%81%8A%E3%81%99%E3%81%99%E3%82%81%E3%81%A7/,/2024/11/浜名湖周辺にある釣具店をエリア別やおすすめで/
サヨリ 時期,0,42,17.5,0,1,25.0,7.5,0.0,https://cho-hamanako.info/2024/11/%E6%B5%9C%E5%90%8D%E6%B9%96%E3%81%A7%E3%82%B5%E3%83%A8%E3%83%AA%E3%82%92%E9%87%A3%E3%82%8B%E6%96%B9%E6%B3%95%EF%BC%81%E3%81%8A%E3%81%99%E3%81%99%E3%82%81%E3%81%AE%E3%82%B7%E3%83%BC%E3%82%BA%E3%83%B3/,/2024/11/浜名湖でサヨリを釣る方法！おすすめのシーズン/
浜名湖 釣り,0,24,42.1,0,3,50.0,7.9,0.0,https://cho-hamanako.info/,/
はなぞの釣具店,0,10,14.8,0,1,26.0,11.2,0.0,https://cho-hamanako.info/2024/11/%E6%B5%9C%E5%90%8D%E6%B9%96%E5%91%A8%E8%BE%BA%E3%81%AB%E3%81%82%E3%82%8B%E9%87%A3%E5%85%B7%E5%BA%97%E3%82%92%E3%82%A8%E3%83%AA%E3%82%A2%E5%88%A5%E3%82%84%E3%81%8A%E3%81%99%E3%81%99%E3%82%81%E3%81%A7/,/2024/11/浜名湖周辺にある釣具店をエリア別やおすすめで/
あけぼの釣具店,0,76,10.55,0,1,22.0,11.45,0.0,https://cho-hamanako.info/2024/11/%E6%B5%9C%E5%90%8D%E6%B9%96%E5%91%A8%E8%BE%BA%E3%81%AB%E3%81%82%E3%82%8B%E9%87%A3%E5%85%B7%E5%BA%97%E3%82%92%E3%82%A8%E3%83%AA%E3%82%A2%E5%88%A5%E3%82%84%E3%81%8A%E3%81%99%E3%81%99%E3%82%81%E3%81%A7/,/2024/11/浜名湖周辺にある釣具店をエリア別やおすすめで/
浜名湖釣りセンター,0,23,14.22,0,1,30.0,15.78,0.0,https://cho-hamanako.info/2024/11/%E6%B5%9C%E5%90%8D%E6%B9%96%E5%91%A8%E8%BE%BA%E3%81%AB%E3%81%82%E3%82%8B%E9%87%A3%E5%85%B7%E5%BA%97%E3%82%92%E3%82%A8%E3%83%AA%E3%82%A2%E5%88%A5%E3%82%84%E3%81%8A%E3%81%99%E3%81%99%E3%82%81%E3%81%A7/,/2024/11/浜名湖周辺にある釣具店をエリア別やおすすめで/
浜名湖 釣りポイント,0,17,14.61,0,2,31.0,16.39,0.0,https://cho-hamanako.info/2025/02/7%E6%9C%88%E3%81%AE%E6%B5%9C%E5%90%8D%E6%B9%96%E3%81%A7%E3%81%8A%E3%81%99%E3%81%99%E3%82%81%E3%81%AE%E9%87%A3%E3%82%8A%E3%83%9D%E3%82%A4%E3%83%B3%E3%83%887%E9%81%B8/,/2025/02/7月の浜名湖でおすすめの釣りポイント7選/
浜名 湖 キス 釣り ポイント,0,78,11.41,0,3,32.33,20.92,0.0,https://cho-hamanako.info/blog/guide/method/cho-nage-fishing/,/blog/guide/method/cho-nage-fishing
浜名湖 釣りスポット,0,49,12.03,0,7,63.43,51.4,0.0,https://cho-hamanako.info/map/?area=%E4%B8%AD%E6%B5%9C%E5%90%8D%E6%B9%96,/map/
浜名湖釣りスポット,0,18,15.39,0,6,70.33,54.94,0.0,https://cho-hamanako.info/,/
都田川,0,39,18.11,0,1,75.0,56.89,0.0,https://cho-hamanako.info/2024/08/%E9%83%BD%E7%94%B0%E5%B7%9D%E6%B2%B3%E5%8F%A3%EF%BD%9E%E5%A5%A5%E6%B5%9C%E5%90%8D%E6%B9%96%E3%81%AE%E9%87%A3%E3%82%8A%E3%83%9D%E3%82%A4%E3%83%B3%E3%83%88%E7%B4%B9%E4%BB%8B%EF%BD%9E/,/2024/08/都田川河口～奥浜名湖の釣りポイント紹介～/
浜名湖 水温 データ,3,98,6.73,1,2,11.5,4.77,0.003106,https://cho-hamanako.info/2025/01/%E6%B5%9C%E5%90%8D%E6%B9%96%E3%81%AE%E6%B0%B4%E6%B8%A9%E3%82%92%E3%83%81%E3%82%A7%E3%83%83%E3%82%AF%E3%81%A7%E3%81%8D%E3%82%8B%E6%9C%89%E8%83%BD%E3%81%AA%E3%82%A6%E3%82%A7%E3%83%96%E3%82%B5%E3%82%A4/,/2025/01/浜名湖の水温をチェックできる有能なウェブサイ/
浜名湖 カサゴ,16,421,3.29,5,81,4.72,1.44,0.004658,https://cho-hamanako.info/2024/12/tactics-fish-kasago/,/2024/12/tactics-fish-kasago/
浜名湖 海釣り公園 ライブカメラ,2,238,4.5,1,18,5.4,0.9,0.013975,https://cho-hamanako.info/2024/12/%E9%87%A3%E3%82%8A%E3%81%AB%E8%A1%8C%E3%81%8F%E7%9B%B4%E5%89%8D%E3%80%81%E6%B5%9C%E5%90%8D%E6%B9%96%E3%81%AE%E7%8A%B6%E6%B3%81%E3%82%92%E3%83%A9%E3%82%A4%E3%83%96%E3%82%AB%E3%83%A1%E3%83%A9%E3%82%84/,/2024/12/釣りに行く直前、浜名湖の状況をライブカメラや/
浜名湖 水深図,7,177,3.53,3,35,3.88,0.35,0.031056,https://cho-hamanako.info/2024/11/%E9%87%A3%E3%82%8A%E3%81%AB%E3%82%81%E3%81%A3%E3%81%A1%E3%82%83%E5%BD%B9%E7%AB%8B%E3%81%A4%EF%BC%81%E6%B5%9C%E5%90%8D%E6%B9%96%E5%85%A8%E5%9F%9F%E3%81%AE%E6%B0%B4%E6%B7%B1%E3%82%92%E7%9F%A5%E3%82%8B/,/2024/11/釣りにめっちゃ役立つ！浜名湖全域の水深を知る/
浜名湖 イカ釣り,0,23,9.31,1,22,8.73,-0.58,0.035714,https://cho-hamanako.info/2025/11/hamanako-egging-technic-timepoint/,/2025/11/hamanako-egging-technic-timepoint/
庄内湖,0,56,8.7,1,13,8.3,-0.4,0.035714,https://cho-hamanako.info/2024/08/%E5%BA%84%E5%86%85%E6%B9%96%EF%BD%9E%E5%A5%A5%E6%B5%9C%E5%90%8D%E6%B9%96%E3%81%AE%E9%87%A3%E3%82%8A%E3%83%9D%E3%82%A4%E3%83%B3%E3%83%88%E7%B4%B9%E4%BB%8B%EF%BD%9E/,/2024/08/庄内湖～奥浜名湖の釣りポイント紹介～/
新居海釣り公園 釣果,0,75,11.88,1,4,31.03,19.14,0.035714,https://cho-hamanako.info/2024/08/%E6%96%B0%E5%B1%85%E5%BC%81%E5%A4%A9%E6%B5%B7%E9%87%A3%E5%85%AC%E5%9C%92%EF%BD%9E%E8%A1%A8%E6%B5%9C%E5%90%8D%E6%B9%96%E3%81%AE%E9%87%A3%E3%82%8A%E3%83%9D%E3%82%A4%E3%83%B3%E3%83%88%EF%BD%9E/,/2024/08/新居弁天海釣公園～表浜名湖の釣りポイント～/
浜名湖 漁業権,3,85,10.97,2,25,11.74,0.77,0.03882,https://cho-hamanako.info/2025/10/%E3%80%90%E5%88%9D%E5%BF%83%E8%80%85%E5%BF%85%E8%A6%8B%E3%80%91%E6%B5%9C%E5%90%8D%E6%B9%96%E9%87%A3%E3%82%8A%E3%81%AE%E3%83%AB%E3%83%BC%E3%83%AB%E3%81%A8%E3%83%9E%E3%83%8A%E3%83%BC%E5%AE%8C%E5%85%A8/,/2025/10/【初心者必見】浜名湖釣りのルールとマナー完全/
浜名湖 アジ 時期,1,270,10.57,2,19,14.15,3.58,0.060559,https://cho-hamanako.info/blog/guide/method/ajing-guide/,/blog/guide/method/ajing-guide
浜名湖シーバスポイント,1,266,10.36,2,6,32.33,21.98,0.060559,https://cho-hamanako.info/2024/08/%E7%80%AC%E6%88%B8%E6%B0%B4%E9%81%93%EF%BD%9E%E5%A5%A5%E6%B5%9C%E5%90%8D%E6%B9%96%E3%81%AE%E9%87%A3%E3%82%8A%E3%83%9D%E3%82%A4%E3%83%B3%E3%83%88%E7%B4%B9%E4%BB%8B%EF%BD%9E/,/2024/08/瀬戸水道～奥浜名湖の釣りポイント紹介～/
浜名湖シーバス,0,19,27.24,3,4,24.02,-3.22,0.107143,https://cho-hamanako.info/blog/target/seabass/beginner/,/blog/target/seabass/beginner
浜名湖 釣り禁止エリア,23,330,1.64,17,213,2.77,1.13,0.357143,https://cho-hamanako.info/2025/10/%E3%80%90%E5%88%9D%E5%BF%83%E8%80%85%E5%BF%85%E8%A6%8B%E3%80%91%E6%B5%9C%E5%90%8D%E6%B9%96%E9%87%A3%E3%82%8A%E3%81%AE%E3%83%AB%E3%83%BC%E3%83%AB%E3%81%A8%E3%83%9E%E3%83%8A%E3%83%BC%E5%AE%8C%E5%85%A8/,/2025/10/【初心者必見】浜名湖釣りのルールとマナー完全/
浜名湖 バチ抜け,2,9,2.58,13,263,3.76,1.18,0.442547,https://cho-hamanako.info/2026/02/bachinuke-forecast/,/2026/02/bachinuke-forecast/
